repo,base_commit,license,num_cs_files,root_sln_or_csproj_files,verify_command
NuGet/NuGet.Licenses,a6a6e9d0a708c26431e5a69ced7b961fd4c19a75,Apache-2.0,29,NuGet.Licenses.sln,dotnet test NuGet.Licenses.sln
Azure-Samples/TodoFunctions,311a701be1fde81a3789d55596d363fa1fe438c3,MIT,9,ToDoFunctions.sln,dotnet test ToDoFunctions.sln
kiennq/csclip,ddf3ec744cb54c7a0978ce9cd4969af381aa7463,MIT,4,csclip.sln,dotnet test csclip.sln
renepacios/ClosedXML.TableReader,90d5cacf66a0119f0d04cb8b93a82b1298d0db8c,MIT,35,ClosedXML.TableReader.sln,dotnet test ClosedXML.TableReader.sln
samblackburn/NetDoc,c4ea9a01677a9438ae571357df7fa6da025fa2da,MIT,13,NetDoc.csproj;NetDoc.sln,dotnet test NetDoc.csproj && dotnet test NetDoc.sln
rhubarb-geek-nz/CancellationTokenEvent,c69e88f503bcaf63dd601e3175f9a59f00bdb3d4,MIT,10,CancellationTokenEvent.sln,dotnet test CancellationTokenEvent.sln
HavenDV/H.Pipes,db4e025116693d9c42c71ed6b6821532e1d24ace,MIT,27,NamedPipeWrapper.sln,dotnet test NamedPipeWrapper.sln
moejoe/Moejoe.AspNet.JsonMergePatch,ab9f11b946f3a619ec0f06970b7ff49667000695,MIT,14,Moejoe.ProofOfConcept.JsonMergePatch.sln,dotnet test Moejoe.ProofOfConcept.JsonMergePatch.sln
Bakanych/SpecFlowSharedSteps,03e19666194ccb2377e107c6dcf6441a9244443b,MIT,7,SpecFlowSharedSteps.sln,dotnet test SpecFlowSharedSteps.sln
microsoft/slngen,4ccec92d4f2fa2927d0acc38c97f86599526813e,MIT,23,SlnGen.sln,dotnet test SlnGen.sln
lehmamic/undo-manager,41b2cf5077e891416f9c4e3ce90fc8e37f7507de,MIT,35,UndoManager.sln,dotnet test UndoManager.sln
tnakamura/ReduxSharp,2a630f2bf234eed9e526ee94394f8f38098f148b,MIT,36,ReduxSharp.sln,dotnet test ReduxSharp.sln
EricZimmerman/RecentFileCacheParser,87c06d64526643037c919641d3b851b62f6453bc,MIT,8,RecentFileCacheParser.sln,dotnet test RecentFileCacheParser.sln
AArnott/AssemblyRefScanner,ef308ed3b2caae9c400462f18c70aa7b1f21db04,MIT,1,AssemblyRefScanner.sln,dotnet test AssemblyRefScanner.sln
madelson/ImmutableLinkedList,c58e3436dcbe9cfe1bb5c0862c063b6e427c64dd,MIT,12,ImmutableLinkedList.sln,dotnet test ImmutableLinkedList.sln
kiliman/mono-symbolicate-helper,672d631f109facf7eef47ca9a281d002b0ee4318,MIT,11,MonoSymbolicateHelper.sln,dotnet test MonoSymbolicateHelper.sln
jeffkl/PackagesConfigConverter,f8d7e226cd53704f6c099dd0f22a97075e9927de,MIT,20,PackagesConfigConverter.sln,dotnet test PackagesConfigConverter.sln
ShiningRush/ServiceAnt,e36009c2ee8631c6f9fd1eda6c232971cc4a93bf,MIT,34,ServiceAnt.sln,dotnet test ServiceAnt.sln
flakey-bit/DotNetDigestAuth,ed7ff4101b752d436c85598c15cddb20052b9763,MIT,32,DotNetDigestAuth.sln,dotnet test DotNetDigestAuth.sln
thomaslevesque/NString,3eb0b9ed17833d25722d1d0308a7c6e61b85a4a0,Apache-2.0,24,NString.sln,dotnet test NString.sln
lethek/SignalR.Extras.Autofac,3a4ac841ad230aca5b6d4c07b69ade4002aa6592,MIT,33,SignalR.Extras.Autofac.sln,dotnet test SignalR.Extras.Autofac.sln
serilog-contrib/serilog-settings-xml,1849a5b5ae9b627b0b658d0d6419dcc0193dbd1f,Apache-2.0,6,serilog-settings-xml.sln,dotnet test serilog-settings-xml.sln
thomaslevesque/DontMergeMeYet,6fe3feb47fa5eeacd40eb4c583a13e729bf2ac51,MIT,30,DontMergeMeYet.sln,dotnet test DontMergeMeYet.sln
HEskandari/NServiceBus.Mailer,5b0dce2d176cbf7ebc7241bcf7d5d752ada27522,MIT,23,Mailer.sln,dotnet test Mailer.sln
syncromatics/csvialize,29b3bda99cc84a83b6221c10d6efa930f001d6b9,MIT,8,Csvialize.sln,dotnet test Csvialize.sln
unitycontainer/registration-by-convention,8453f45f1285150440eab18ab85fb52bd15502d2,Apache-2.0,22,package.sln,dotnet test package.sln
waf/replay-csharp,3f7fe53060e2fdc1149fa42ae8617d5ba22c033b,MIT,23,Replay.sln,dotnet test Replay.sln
chausner/ArffTools,35e03c33e9866fde42cf81b626cad5ebf201520b,MIT,7,ArffTools.sln,dotnet test ArffTools.sln
unitycontainer/service-location,6f0b05eec71914a22150d7a82344dbfbe96bb1fc,Apache-2.0,7,package.sln,dotnet test package.sln
aliencube/WebJobActivator,fc52efde90001eee7bbaa4540053cccdb151df87,MIT,40,WebJobActivator.sln,dotnet test WebJobActivator.sln
ufcpp/BitFields,8f947dacc5a190f049cbedc8c58ba8ab220cd205,MIT,57,BitFields.sln,dotnet test BitFields.sln
okta/okta-aspnet,aa064e81e88979dbf73998fee431fae532571545,Apache-2.0,80,Okta.AspNet.sln,dotnet test Okta.AspNet.sln
alex-sherman/Replicate,2ca903de4452d5f1afe5ff1592d167ce7e197a67,MIT,84,Replicate.sln,dotnet test Replicate.sln
codecutout/JsonApiSerializer,78ae748c40f2f64ffdec4a131198af9e558b9842,MIT,72,JsonApiSerializer.sln,dotnet test JsonApiSerializer.sln
chrismckelt/WebMinder,689139080b359384c6f2f508e0e0ffdef9ed3753,Apache-2.0,68,WebMinder.sln,dotnet test WebMinder.sln
joelverhagen/MiniZip,4d79bb73409a42334e441441cc97d6408c88a5d4,MIT,69,MiniZip.sln,dotnet test MiniZip.sln
CommonBuildToolset/CBT.Modules,4c5078d247c3323a8d7920246a0da2bd82f217ce,MIT,84,CBT.Modules.sln,dotnet test CBT.Modules.sln
wieslawsoltes/ChatGPT,a26cb28628fb0ea058d560edd21e7925824825c6,MIT,99,ChatGPT.sln,dotnet test ChatGPT.sln
schneidenbach/AutoMapper.Attributes,6324776b6eaef9942d287fbc66f50975f7e343ee,MIT,77,AutoMapper.Attributes.sln,dotnet test AutoMapper.Attributes.sln
Amarok79/InlayTester.Drivers.FeigReader,b6be6aa47b83da7555dc3277f3dfc0d0593097b8,MIT,47,InlayTester.Drivers.FeigReader.sln,dotnet test InlayTester.Drivers.FeigReader.sln
smourier/SQLNado,ebca421c43511b5ebee008b587c0af3cfee44a85,MIT,114,SqlNado.sln,dotnet test SqlNado.sln
Infinite-Square/efcoreextensions,646eb35f0f22052198a451130c4ac53c7d7891f7,MIT,49,EFCore.Extensions.sln,dotnet test EFCore.Extensions.sln
brminnick/AzureBlobStorageSampleApp,3efa232f2ecc14d2099d95d04edcda90b92042e7,MIT,49,AzureBlobStorageSampleApp.sln,dotnet test AzureBlobStorageSampleApp.sln
nicholasham/FluentInstallation,0f674a3e82a296bad81d8cc2127c52453dddd756,Apache-2.0,98,FluentInstallation.sln,dotnet test FluentInstallation.sln
milestonetg/NHystrix,86b466c549becf6fcb276b3277b1dca402a4f15b,MIT,44,NHystrix.sln,dotnet test NHystrix.sln
zavolokas/Inpainting,82a3bfab95db766bd8bc76dc39c7356fae782c07,MIT,41,Inpainting.sln,dotnet test Inpainting.sln
Azer0s/HadesLang,483a0b725379f9d07f038069417ff31fd1795fbc,MIT,45,HadesLang.sln,dotnet test HadesLang.sln
aspnet/AspNetOutputCache,2d81c8ad418343abd1331b5a6da809aa6c66542a,MIT,48,Microsoft.AspNet.OutputCache.sln,dotnet test Microsoft.AspNet.OutputCache.sln
madelson/DistributedLock,c08eaef4e2d12a670b4c98563ef12e490252e4a0,MIT,55,DistributedLock.sln,dotnet test DistributedLock.sln
microsoft/service-fabric-backup-explorer,f2c08c0565a0290afe300b0b2971da84bd44034b,MIT,43,backupExplorer.sln,dotnet test backupExplorer.sln
GuOrg/Gu.Wpf.ValidationScope,7a90141fb44205add8da38fc8a7d2eb80ea0d1c3,MIT,115,Gu.Wpf.ValidationScope.sln,dotnet test Gu.Wpf.ValidationScope.sln
rcasady616/Selenium.WebDriver.Equip,c8557be7cb17ac72d87e4b806567ec927754da46,MIT,85,Selenium.WebDriver.Equip.sln,dotnet test Selenium.WebDriver.Equip.sln
tunnelvisionlabs/NOpenCL,645521ccd1ad285fb38a51c9ff0124824c54a1a1,MIT,82,NOpenCL.sln,dotnet test NOpenCL.sln
Arcidev/Arci.Networking,d9c2ebdadef172b2f77fdcc43bfd49a9cd0aac93,MIT,42,Arci.Networking.sln,dotnet test Arci.Networking.sln
gui-cs/Terminal.Gui,8e63b9fdf8d79d6471ebba2be927022fc4a8aeb7,MIT,63,Terminal.sln,dotnet test Terminal.sln
Softlr/Selenium.WebDriver.Extensions,a45cae12f8a5b0dba0a88017334121c185fe540c,Apache-2.0,58,Selenium.WebDriver.Extensions.sln,dotnet test Selenium.WebDriver.Extensions.sln
gissehel/Wox-WebApp,c41130ac076dff560acbd62f174d36f32ca2f2b8,MIT,46,Wox.WebApp.sln,dotnet test Wox.WebApp.sln
linq2db/linq2db.EntityFrameworkCore,5fde6fb2ec4b1604a98aa52a1c26985f4134ba94,MIT,53,linq2db.EFCore.sln,dotnet test linq2db.EFCore.sln
Bynder/bynder-c-sharp-sdk,c6e2ea2bd63c42a401e20135a0067cbb50cffbfc,MIT,76,byndercsharpsdk.sln,dotnet test byndercsharpsdk.sln
Fresa/Kafka.Protocol,e23891efa4d65c922cb844b8026cbae9fd01f525,MIT,107,Kafka.Protocol.sln,dotnet test Kafka.Protocol.sln
hudl/Mjolnir,5d804bdd6489e0be0243af65a355fa76c0d049e9,Apache-2.0,73,Hudl.Mjolnir.sln,dotnet test Hudl.Mjolnir.sln
praeclarum/sqlite-net,9b226f1f70d9438d2823f577e811d659c1c06235,MIT,50,SQLite.sln,dotnet test SQLite.sln
gpailler/MegaApiClient,05658cb9233363400460c2d69878f5cdb8265fa3,MIT,45,MegaApiClient.sln,dotnet test MegaApiClient.sln
Eveneum/Eveneum,e21de35de2e2437622666a6a5607cc38d68d5987,MIT,51,Eveneum.sln,dotnet test Eveneum.sln
scottksmith95/LINQKit,6ef8b0e7170701c6b3c981b1f668f5694d234379,MIT,79,LinqKit Solution.sln,dotnet test LinqKit Solution.sln
structurizr/dotnet-extensions,a1284bf80646507f66271d696305540574c8b147,Apache-2.0,68,Structurizr.sln,dotnet test Structurizr.sln
Fody/Scalpel,40f9baf065866f8138f84902221599198abf1f39,MIT,48,Scalpel.sln,dotnet test Scalpel.sln
BrianSchroer/SparkyTools,722cab1536b50a105ff2cb43dfb46de7d54270a0,MIT,53,SparkyTools.sln,dotnet test SparkyTools.sln
And42/TerrLauncherPackCreator,adfd09d177a9b84a11b9ba7065901bff30ba9f84,MIT,113,TerrLauncherPackCreator.sln,dotnet test TerrLauncherPackCreator.sln
TelegramBots/Telegram.Bot.Framework,6ac27f80d1ae29f86ccf790d7d2a5b21759182ec,MIT,84,Telegram.Bot.Framework.Net45.sln;Telegram.Bot.Framework.NetCore.sln;Telegram.Bot.Framework.sln,dotnet test Telegram.Bot.Framework.Net45.sln && dotnet test Telegram.Bot.Framework.NetCore.sln && dotnet test Telegram.Bot.Framework.sln
aspnetboilerplate/module-zero-forsaken,d1ff596f89d023859b84c35d6b232a09512abc17,MIT,406,Abp.Zero.sln,dotnet test Abp.Zero.sln
nkristek/Stein,fa808a7a2b8f5c6c4abad5e82035239dc931b0c2,MIT,173,Stein.sln,dotnet test Stein.sln
Vannevelj/SharpSource,838ac791e9a73e8eba48a076372c809c1d6689f2,MIT,134,sharpsource.sln,dotnet test sharpsource.sln
GuOrg/Gu.Units,919ac703aabdbafe4eff56d4ca9f82003d2aeb8b,MIT,655,Gu.Units.sln,dotnet test Gu.Units.sln
RT-Projects/RT.Util,34ea71192551719a8754518a695da58fe6bdf81c,MIT,198,RT.Util.sln,dotnet test RT.Util.sln
DevTeam/IoCContainer,a011f52b6162e0886104618e0a80260a40c705fe,MIT,358,IoC.sln;Samples.sln,dotnet test IoC.sln && dotnet test Samples.sln
YevgenNabokov/ForgedOnce,19057ab8dce12788a44072753ab122037634dcbb,MIT,293,ForgedOnce.All.sln;ForgedOnce.Sandbox.sln,dotnet test ForgedOnce.All.sln && dotnet test ForgedOnce.Sandbox.sln
daryllabar/DLaB.Xrm,f8f19df7e43b337a28f60ebf9237aa0edcd8211f,MIT,1613,DLaB.Xrm.sln,dotnet test DLaB.Xrm.sln
AntonyCorbett/OnlyM,30fe8bdd1dba6861e5bf9c9519a4c8f899a06a30,MIT,216,OnlyM.sln,dotnet test OnlyM.sln
vmelamed/vm,9d6a6ebad226966bd07f2e63557adcbb3476ae49,MIT,738,vm.Aspects.sln,dotnet test vm.Aspects.sln
jaegertracing/jaeger-client-csharp,a29d3fe4ae16d01d94fd57e4134f065fa5805cac,Apache-2.0,226,Jaeger.sln,dotnet test Jaeger.sln
DigitalRuby/ExchangeSharp,8e0fe5bd345674ab6dd40243ccf65b5439a5eaca,MIT,232,ExchangeSharp.sln,dotnet test ExchangeSharp.sln
RalfKoban/MiKo-Analyzers,28892c39dccf0e40d8a0813546712f9bf21e503b,MIT,1300,MiKo.Analyzer.sln,dotnet test MiKo.Analyzer.sln
tugberkugurlu/WebAPIDoodle,8d53d887f63616dd0438e6c008ebbfc4a88036f6,MIT,121,WebApiDoodle.sln,dotnet test WebApiDoodle.sln
XeroAPI/Xero-NetStandard,afa7fe80ec7e950e6cf5b1b92c199628c258058c,MIT,707,Xero.Api.sln,dotnet test Xero.Api.sln
DevZest/RDO.Net,020ffcb12aa4aa328340cd6fd65a1a2470e7cd31,MIT,439,RDO.Data.sln,dotnet test RDO.Data.sln
reqnroll/Reqnroll.Rider,ff2347a397655874d5945db9d1db93871ec8b6c5,MIT,210,ReqnrollRiderPlugin.sln,dotnet test ReqnrollRiderPlugin.sln
lordmilko/BuildTools,1b25b10716ff35b3d56ea3f496a0e1c90078660c,MIT,288,BuildTools.sln,dotnet test BuildTools.sln
architdate/PKHeX-Plugins,1297eb86b84079ec1d332bf7b502709b3400d85f,MIT,133,PKHeX-Plugins.sln,dotnet test PKHeX-Plugins.sln
microsoft/Partner-Center-PowerShell,0297e0bac5438dbd5e8bea4bd663b916d0dc4d60,MIT,281,Partner-Center-PowerShell.sln,dotnet test Partner-Center-PowerShell.sln
asimov-deploy/asimov-deploy-winagent,62e7e5c8121b35d742fb16f55211fc2689781c45,Apache-2.0,189,AsimovDeploy.sln,dotnet test AsimovDeploy.sln
open-telemetry/opentelemetry-dotnet-contrib,efd10777672707def2be999dd2d87bcf8eaccb9f,Apache-2.0,781,opentelemetry-dotnet-contrib.sln,dotnet test opentelemetry-dotnet-contrib.sln
OndrejNepozitek/Edgar-DotNet,fa49a754718f394a50f5f79cde7150f0074c48bf,MIT,187,MapGeneration.sln,dotnet test MapGeneration.sln
TomasJohansson/adapters-shortest-paths-dotnet,e3722e971d86c3f606e05e5279ed9b07917574ea,MIT,153,adapters-shortest-paths-dotnet.sln,dotnet test adapters-shortest-paths-dotnet.sln
Nethereum/Nethereum,9585d974d56e8c967fd4d52b2a934fcf2a36da01,MIT,579,Nethereum.sln,dotnet test Nethereum.sln
meamod/MeaMod.DNS,e472e1e01bd29519380748860c3149c40a33456c,MIT,146,MeaMod.DNS.sln,dotnet test MeaMod.DNS.sln
EgoEngineModding/ego.nefsedit,2027f878ff90151b3f178b30a8579ca5d3a8721d,MIT,161,NeFSedit.sln,dotnet test NeFSedit.sln
SciSharp/TensorFlow.NET,e8623bd3d0581ba2d31b262890b20dd40319fe0c,Apache-2.0,343,TensorFlow.NET.sln,dotnet test TensorFlow.NET.sln
Ephemerality/xray-builder.gui,ebe65bffcb5ec3323d61562fc213d641848e8803,MIT,238,XRayBuilderGUI.sln,dotnet test XRayBuilderGUI.sln
BrianSchroer/sparky-test-helpers,0c14962d852389ac88e29a5207bd51e3ffcfeda4,MIT,200,SparkyTestHelpers.sln,dotnet test SparkyTestHelpers.sln